actual,predicted
863,1377.7227535077702
1611,1595.9481587047846
1943,1499.613356430666
1338,1234.66506730464
1774,1215.6916633169017
1829,1717.3681971810054
1483,1541.088395599541
1140,1220.2884409344376
1630,1579.57163531283
1963,1582.6888046797249
1859,1515.2955417670755
956,1308.479749990478
1714,1506.1236385481577
1148,1489.8894260921493
1137,1518.594231947125
1404,1525.8118140691884
1425,1565.5204175492318
1548,1669.1973713830293
1480,1494.5733415164975
1548,1393.015726345246
1070,1525.0848867531643
1360,1631.5033856306695
1179,1367.5790888509014
821,1471.7656613665229
1487,1480.569872184821
1261,1678.0561596124794
497,1506.2425394788327
2210,1859.9282896482114
1456,1453.1818307305996
1321,1639.9180027524878
1731,1561.1102860274184
1612,1685.3084137789142
1118,1096.6001143651592
1246,1306.087571069313
1672,1332.7918803721345
1239,1465.0838584847957
1144,1336.3457702909022
2237,1884.8526531745918
1380,1662.0983462258168
1394,1419.960854307475
1881,1580.3789554401546
1482,1577.494946665802
1035,1304.0289147816493
1037,1473.2234702019027
1105,1443.424958767345
1166,1096.0172668230555
1864,1441.090928991216
1737,1735.357538584851
1603,1445.1792200248822
1491,1575.2496692694087
1278,1240.308513029237
1910,1311.1586806889527
1577,1238.031581322088
1715,1438.318286245723
1624,1643.7497951654443
1047,1287.8997056817532
1286,1190.005094006597
839,1118.5402220207816
1964,1468.4657073543724
1351,1400.476922334244
1522,1759.6116309098243
1761,1638.6094541988905
2035,1557.4749481113981
937,1181.2847355833605
1051,1470.2090195392161
1356,1685.2752871761832
1136,1390.91736710659
1927,1405.7939244340737
901,1026.5396360689117
1862,1644.5572962041083
1757,1332.4610155932764
1074,1506.6640801688566
2405,1887.1452613883164
2120,1780.706773217887
1815,1640.083782393246
1985,1724.7107033872358
1570,1182.0230487618367
1987,1781.6681256219556
1478,1595.4384777916707
1683,1747.7283910922367
1755,1352.583772025812
874,1371.4936659387135
1702,1400.8143128029537
848,1491.6946246417142
1392,1430.0153700470723
1530,1496.6252950930425
2363,2012.6304189247564
1581,1616.5518530843292
1225,1242.0606752910746
1726,1572.0553140612976
2157,1738.1705717079303
1654,1569.1739656384316
1737,1726.6045600218615
2007,1623.3213363535338
1700,1549.8520655711545
1213,1322.2107036584089
1128,1336.715563135998
1449,1576.2243988567698
1462,1504.9976058129193
951,1416.4797547943358
980,1366.721837381886
1813,1601.7668837794854
2109,1923.6361615729072
2045,1798.8114945096474
1313,1371.9658770755304
1805,1439.694994725385
1329,1399.5439569446107
1559,1634.4672265446363
1615,1677.0386334057448
1326,1426.8860501690176
1225,1383.5579485650655
1961,1663.5585418886399
1866,1651.827000039861
1495,1274.9832576755045
1483,1611.514346606294
1411,1399.2494997639697
1065,1452.776975224905
543,1212.3519346513854
814,1159.7896344270655
1875,1546.9157922626262
1794,1683.3517179496914
1507,1697.2744204063847
1489,1265.850173820965
1265,1522.035007306152
1031,1538.9156533066102
1744,1086.350447986748
1702,1274.4691371409026
1861,1686.6441949365653
1249,1298.3103546122545
1865,1909.2558062744733
1691,1609.6291789174068
1510,1196.9021340256697
1565,1708.8658323703378
1350,1539.6403083729601
1388,1331.9812354990822
1971,1817.2298914597022
1396,1249.242705826288
1894,1387.1554083036963
1809,1426.0356636865
2167,1492.6973782509954
2158,2005.6527122447203
1331,1381.5816302106157
2050,1469.9278353015666
1697,1553.1198715423286
1416,1425.6603547652721
1663,1855.7779475024417
1910,1694.6118303234293
1502,1598.8694159521278
1514,1176.0792332445799
1792,1529.4483836786153
1242,1671.5649137255461
1936,1540.3956031807752
1921,1574.350077851572
1164,1449.7531458572419
1600,1201.9927907011527
1871,1518.154692378204
1776,1426.6925673759097
1418,1610.7879781647653
1287,1408.793081663252
1493,1689.0155987815638
1600,1611.4637554997335
1681,1458.564188305131
1345,1289.609122889449
1674,1413.877821979605
1568,1226.7341464384529
1486,1666.2299211389509
1294,1496.0361933712024
758,1056.6490108478315
1538,1331.9204716888144
1486,1631.6315328016913
1450,1699.2016563411833
705,1396.3011230244192
1513,1387.4232142368471
1893,1446.5528543466248
1153,1337.876895479852
1454,1727.3183394329308
1844,1517.9081195056458
1336,1446.1550891744148
1626,1411.4980124515178
1281,1393.0628616002039
1872,1529.9620687297106
1552,1430.150318723751
1274,1640.9491097595037
1930,1716.2364461762882
984,1267.91999096156
1280,1544.572441909782
1489,1393.5706453645162
1297,1301.5708641026367
1395,1335.3228016101607
1384,1406.224262999248
1149,1276.1617317676444
1354,1255.5556080589406
1169,1297.4232427295858
1166,1446.1730226941017
1242,1352.6116542685859
1780,1600.4750800058323
1353,1588.75316898741
1868,1431.008939017096
1133,1281.3609904268237
1567,1655.7636195649893
1223,1360.834121751102
1626,1658.063467647097
1392,1497.4831131349843
1859,1567.3672629542525
1190,1517.4947762491618
1168,1511.1023136235378
2207,1525.4566855087005
998,1289.9517644863208
1550,1385.6686739447568
1598,1330.209900585347
1526,1636.2042038658358
1689,1404.0313130280924
1231,1340.1876216045462
1266,1602.11614830014
1899,1514.8745678550763
1617,1778.6798862753835
1735,1506.7373831848402
1048,1397.2411782215422
1026,1306.1326139500507
1113,1291.6580125694459
1780,1325.0140252743083
1489,1489.8725375733807
1491,1437.6569420893468
1542,1290.6046770714922
1550,1454.3954398569122
1734,1454.282119046602
1934,1571.7043560480543
1598,1649.6692978536657
1589,1569.9126649233608
1627,1534.111181091308
1771,1784.162159065414
1720,1344.9523272717922
2003,1617.4364063305807
1333,1334.9929762467873
969,1159.0029247718758
1635,1745.276905419412
1808,1758.4626619250378
1119,1398.7531694991126
1956,1842.3260096634629
1838,1526.5545677194748
1787,1666.4253074122325
1766,1615.02233180886
1766,1466.5433295175696
1117,1585.0639766198626
1345,1612.3032682296375
1327,1447.1872754066642
1666,1532.1692857878081
1184,1230.3513528363815
1382,1539.8848517653028
812,1026.2859107779452
1717,1453.001259959814
1667,1642.0714539267344
1198,1142.3763959021642
1474,1036.819308384178
831,1157.096346821842
1751,1562.8332933190954
1561,1812.2529124554715
1998,1537.300506929952
1954,1759.112326005849
1455,1326.1841364079055
2111,1486.356612487195
1675,1156.4849167551872
1745,1687.2356960135887
1347,1236.898391382333
1204,1377.5094988006867
1307,1327.875620662446
910,1488.4657163357094
1443,1531.2784796187752
1157,1528.65765064795
1448,1199.8157449337007
816,1244.9102996155684
923,1123.875574756302
1202,1569.9227748018855
695,1317.6610971621626
1992,1434.5162743689013
1035,1113.3338742108733
936,1300.0717470746465
1123,1279.8539139548293
1664,1505.487334342848
688,1036.242545757267
1569,1433.0832092121968
1522,1377.5492762605597
1783,1570.0531728277886
2035,1164.219332441045
1569,1487.3079525271746
1034,1479.0621439080978
805,1523.6443112530853
1715,1346.3324245167703
1394,1576.5799238959894
1600,1746.9495173529813
1078,1131.8337140853155
1420,1347.7807548528522
1848,1484.778776232952
1439,1535.1488573867746
1606,2080.341971818219
1582,1432.5028685919704
1854,1490.7350977514254
1635,1613.067847276928
1600,1505.5828230580398
1768,1611.961902968571
1270,1669.6619148500447
1926,1517.5733193264418
1031,1264.813366636405
1534,1698.6652456109236
1616,1707.4271775792035
904,1659.2843050595568
1521,1578.3535109191885
1317,1260.0647329056144
932,1281.4051436056882
1508,1677.6664762447137
1485,1449.2625394898582
1560,1454.380571436822
1318,1585.0583646894568
1905,1781.9530975568082
1822,1377.62854439048
1011,1543.052205759357
1710,1362.1561239550065
826,1385.5011901277726
1638,1449.3817335772442
1325,1404.170399616108
2080,1801.6462823515326
1521,1639.7070364093686
1605,1491.6877910896098
2060,1769.9141336145817
1691,1509.2466702132183
1277,1527.3713047271515
1364,1539.9337853275792
1790,1635.1756327285775
1171,1313.0134573729745
1373,1376.4889437524726
1207,1269.0779586559252
1500,1661.649771711528
1430,1487.6089057219942
1367,1640.08634881281
1749,1676.2546345715375
771,1227.393339132675
589,1295.7449308356267
1195,1428.9830145727785
1101,1445.2811440627816
1967,1471.0913926118758
1215,1496.0362766491023
1853,1557.3328414689297
1740,1444.5147487621196
945,982.2229860446578
1823,1759.9927076604822
943,1362.9649807869603
1483,1522.7933147626454
1928,1527.527736682922
1815,1633.426825472465
1148,1172.3609489211985
1302,1143.4235013439823
771,1059.9340266481515
1428,1453.651526852944
1575,1464.4302088359905
1367,1406.7364561150325
1113,1266.4937183184818
1497,1644.9933332375665
1239,1228.2940661645011
2473,1570.4828394082817
1814,1557.9179858210994
923,1159.139241585403
1501,1601.262268213553
1528,1438.279785016918
1531,1387.9847203110148
1501,1705.4541721071496
1626,1321.8161853627817
1358,1504.0129309887416
1587,1754.4431536706197
1368,1405.0035899562859
1085,1211.8294433436442
1837,1725.4135740872664
956,1416.9765368356238
1900,1370.566022376512
1939,1813.0357071763406
1628,1984.3572733096826
1488,1549.9640337230503
1433,1467.1656193341366
1943,1516.3242031550658
1285,1172.323047801634
2015,1738.549976927096
1487,1360.7255466149434
1827,1500.5944372470797
1788,1789.173326773197
1441,1699.4309211779484
1819,1850.8625502589482
2017,1353.4123873569715
1478,1734.096242848973
1419,1193.6898101500892
1655,1335.9116635454293
1274,1620.8397432296983
1678,1584.939386320406
1630,1482.8844551303885
651,1051.9929936690546
1711,1834.6273795682403
420,1053.2416094536247
1642,1914.5809931861418
947,1490.4349044508558
1089,1209.0202828426138
1217,1074.910535611069
1025,1360.0235535913816
1744,1152.8954105904272
737,1178.123851167125
1323,1422.1405061618439
1100,1370.940967271153
890,1331.7049876068875
1630,1766.8577632609793
1699,1433.216322188729
1878,1360.4617009816284
1640,1373.6885740623281
1846,1631.9736129226476
2034,1516.3126105332713
842,1398.7805513403755
1466,1143.2346056207925
1905,1581.9165345321858
1702,1730.2881545894184
1905,1557.4704042446597
1290,1595.7258825683064
2263,1883.197733018499
1882,1502.193001213872
1667,1646.3579546633391
1385,1638.2929135565562
1848,1755.9140726248577
1902,1184.5101270584366
1791,1732.3662238865654
1396,1507.747102045262
941,917.4496768383533
899,1318.9301606982403
1729,1664.2804358072376
2088,1796.1050507507
1377,1555.068690506343
1698,1343.1816368109864
1679,1226.8380331814442
2391,1839.1634739445194
1691,1710.9509719513896
1710,1936.9535472219768
1877,1449.8115548012918
1672,1618.732041800201
2205,1758.312145267653
1130,1368.5725762115533
1499,1338.685733333841
1042,1426.6675267262892
1585,1995.0980635405872
2027,1619.5849678414102
1662,1545.6401965576126
1740,1811.9668437546886
1012,1274.1513775458704
1081,1276.1133523133617
909,1484.6572870419507
1182,1429.2783631802317
1880,1486.4135558895039
1189,1665.406497688908
1236,1158.356033538743
1660,1636.6448563560848
1748,1360.7247397935575
1539,1297.0231683708803
1747,1531.4589109842539
1559,1605.5917585838392
936,1293.227158456169
2076,1334.7673098217606
1817,1633.3112001435502
1542,1302.8739598439813
1518,1689.1317984595664
1280,1632.6394621109282
1640,2011.4163323953776
1509,1552.3918776249964
1007,1110.6243796762176
1041,1466.6606491124032
1537,1591.8491576567485
763,1239.1266107909905
1375,1366.044415135957
1779,1235.1373658104797
1796,1632.557383045929
1567,1681.0717558684462
1109,1705.3365208572716
1480,1491.2556958696207
1572,1740.012163480429
1779,1570.259713126438
1500,1366.8889140029205
1055,1700.6684898058033
1626,1668.3688605487605
1648,1473.2285964855616
1201,1545.0528545236887
1983,1584.1748471389212
1499,1547.8017437939543
1869,1325.4805755009736
996,1487.2075488731787
1429,1209.1722340001695
1647,1401.9039491842516
1291,1139.6153691600398
2066,1801.605588968927
1300,1319.221159769728
1411,1680.097345142392
1371,1375.8177694507644
1566,1491.4088394943876
993,1523.3123567384432
1546,1418.7259977886765
2203,1734.7727412934498
1053,1300.7348349201998
1444,1300.9898948814034
1368,1308.170697275903
1765,1637.3367030909665
1638,1555.5639563837533
1345,1560.2472814779642
1652,1680.2357985118433
1289,1212.5347375441038
1255,1494.6582525730441
1796,1615.8146691007832
1448,1571.8980296697002
2112,1696.4213455585798
1374,1527.0873175985507
1696,1582.4058018496548
791,1550.326449329455
1436,1421.326642063092
1447,1456.7466733907843
1599,1771.9029685750932
1087,1712.4259791898514
1081,1398.6068116245744
1446,1316.1582837530032
1984,1727.8735895025761
1608,1604.9681941548972
1115,1333.5266538934695
736,1353.4892476690045
1297,1621.1288767580847
1262,1402.4441498883716
2032,1786.1376532940326
934,1521.3612728866556
1689,1168.9824371427742
1739,1611.548266845801
1395,1388.6121923790352
2295,1809.9037233794231
1414,1155.0279464886357
1389,1287.7787975892124
1561,1599.8579216589624
1592,1471.374153761946
1758,1360.6560818006049
1537,1504.089538664542
1571,1465.3688885608808
1974,1524.6237876093933
1401,1277.4042629579353
1134,1347.901496867051
1973,1531.9392888262978
1951,1756.0136647792
1330,1390.4583671962944
2123,2010.568651235537
1156,1623.4817852994806
1863,1790.5050478802902
894,1176.750962704705
1548,1407.2163659000594
1929,1473.2429005692543
992,1514.9960965558137
1709,1286.873128634509
1106,1275.194624728882
1375,1444.000562604625
1832,1578.6358345554909
1239,1564.4121746448448
1450,1597.3193146700592
575,1317.836455993121
1673,1324.7542132763897
1395,1396.7771934993193
1785,1497.7449501143187
1231,1569.9832526805717
1263,1236.384242330865
1886,1648.1136282609532
1318,1616.177334082834
1373,1215.7062814404949
1878,1469.0068056265827
1447,1394.5800427474971
1232,1284.0958240867196
1408,1623.0249906113154
1114,1336.4350989910201
1929,1897.121109949126
1611,1639.5152401191772
1497,1443.8568115769212
855,1249.876698516788
996,1397.1013037165662
2156,1651.237028097252
1012,1677.643645250695
1633,1688.7856427073866
515,1179.599995333715
1091,1342.9414260866622
1658,1423.0247119423564
1624,1559.4440346159827
1672,1684.0499949002508
741,1141.9517543841018
1159,1631.3330766867382
1685,1541.406239044105
1391,1566.8248149405747
1895,1579.0680632584626
1891,1646.9400870173904
1313,1219.7655228797316
1113,1556.2667092375355
2058,1433.8565216613351
1442,1348.6265373414603
1542,1729.7815284979963
966,1360.7694398471767
1457,1167.1234408899102
1581,1543.0965851126691
1348,1476.2373678575027
1171,1245.3791975106694
1086,1393.404273260929
1234,1239.5844116208887
1508,1217.6065381474057
1727,1740.2332357683174
1616,1743.6385405435763
1789,1781.0919116571938
1272,1276.5808854847205
1041,1326.7221373349685
1795,1549.9850588055733
1480,1507.954347657954
2014,1764.1191883609008
834,925.9460378168611
1204,1358.5084694538525
568,1346.262877984629
1712,1751.437285120288
755,1140.6470347561979
623,1300.1590729436807
1701,1672.9271476751198
1540,1668.4432638421276
1233,1316.3493499399656
1328,1545.9608518795326
627,1023.8425346441829
2069,1992.499074641882
948,1321.6101996419586
1721,1515.9756308041158
1570,1571.121704832927
1163,1564.047830664277
706,1043.0682464979154
867,1297.0165364919521
1885,1099.729736763371
1459,1255.468447150955
956,1384.3433110935614
1714,1658.0138708283991
1604,1553.1599785181693
1198,1501.0488265668278
1610,1589.6501231340615
1804,1627.6158904088547
1571,1574.8760186714617
639,1312.180149317516
946,1351.8292181775016
835,1326.8823353936862
1154,1511.783831830203
1494,1630.9413185730725
2156,1815.9732449266303
1819,1779.270069762567
1453,1509.99327701998
1132,1596.2695607946011
1947,1619.3054049495695
1913,1868.2548600127789
1929,1637.958391954194
1041,1224.0723069717305
1198,1143.950924577108
1421,1489.5401960118434
1679,1681.8815864983776
1104,1511.1731209775712
1674,1617.5821298907524
1066,1493.2834669441118
1765,1441.260735987545
1555,1499.540254570927
1499,1545.1076991285222
1481,1790.7309918637727
1791,1505.5360173147803
960,937.5991723123879
1811,2050.121480360553
1057,1105.208895186715
1082,1225.3202393316824
1164,1639.7103295246357
1357,1510.5848558895402
2007,1698.780787855806
1500,1037.6849874182853
1500,1323.5576007331565
902,1061.7946094738681
1571,1725.2077303705041
1678,1562.4852525465246
1568,1695.1039381042665
1271,1501.171196939179
1290,1451.2687224574527
1818,1279.393235193794
1538,1738.7999278522225
883,1154.9469061986767
1401,1482.3877252562818
1542,1548.557013260604
1787,1603.4672729744505
1086,1235.1641830106555
1180,1348.8130367947786
1382,1301.1019633022534
1447,1311.6180053037403
1682,1529.797310610611
1249,1351.7392704748418
1057,1308.7488825788682
2138,1682.2524209631313
1743,1545.9022363739098
1683,1783.506696844956
1934,2092.202887951969
1728,1307.9038484400212
1233,1795.3202728214012
1166,1347.4957412567528
1738,1410.6108102808994
1393,1536.3486318534397
1494,1696.294661016851
2083,1603.3762789532304
1756,1723.241356902678
1735,1293.8189659601946
1077,1522.0240680491609
1254,1270.5448645411204
1753,1643.3720267509311
1883,1940.185807550151
1976,1699.0975046033636
845,1282.027023823844
934,1155.5716424573914
1967,1641.9466840277998
1074,1456.847897401205
984,1175.9892089945877
2068,1735.319750566415
1542,1543.4750652789826
1696,1493.1778654223604
1456,1649.3906558396338
1373,1468.326589605874
1478,1402.9686943123236
1939,1469.9797088252112
1623,1396.5833638844813
702,1490.6475242854171
1556,1697.4501489488082
1269,1426.8089781659319
981,1306.1815118921127
647,1380.6075907259467
1179,1504.4414674759616
1477,1474.8440798031384
1525,1688.473571780858
1992,1361.9110502743465
1484,1711.192855042426
1507,1359.0904357114403
1380,1454.2980066750101
1696,1554.9011316730803
1552,1655.38663173292
1264,1739.3830013207223
1128,1239.9575401809318
1764,1619.7920905475123
1746,1570.9122605910914
1282,1644.2868484157939
820,1200.1734869965067
1339,1135.0056275635216
1417,1508.5894828578998
1417,1202.7161630318585
1781,1702.6656454056154
1455,1550.0860173381768
1483,1668.6648506308227
1500,1635.2004492369724
1398,1402.459007026525
973,1440.6287409448214
1772,1796.146659218812
1195,1486.4443679120482
1833,1517.801656710876
881,1290.008105227129
1803,1628.6361793372678
1923,1796.9891096322308
2017,1592.2299797686028
1197,1769.1730441475959
1563,1404.0666913036928
1915,1615.8500996421906
1500,1336.2819337970202
1640,1598.3577972101834
1526,1649.816659016226
2092,1723.1041118211738
1050,1519.8058086151116
1616,1379.3359442856458
746,951.0197126606735
1797,1581.4666935370913
1725,1607.8348313803867
1400,1448.5370295533207
873,1247.248379042849
1712,1905.3331865295386
890,1160.0306664993202
1922,1596.2113989038273
1613,1505.7308623602746
950,1231.4117385685074
1148,1211.1654975210784
1534,1375.323353035707
1038,926.3155834823074
1735,1751.8578925141303
1853,1129.19727023288
1889,1659.2180062698712
1143,1450.2132183637375
1833,1804.5613330593967
1316,1426.9304214786766
1292,1338.6536910498255
1719,1678.871668357709
1231,1440.925423740301
1781,1706.386539074428
1827,1349.5432665293517
1500,1398.6617971067874
1523,1440.4205649012692
1397,1680.1861748915649
1279,1246.12250342357
838,1060.940700376583
1844,1704.4423027868343
1622,1411.612822624691
986,1439.5083685061256
1821,1310.4715237096532
1309,1670.0556296134405
1069,1241.601397321732
1124,1385.6251012100258
1361,1201.9275162493009
1354,1561.9508005216717
795,1303.5698970476724
1597,1603.840717378632
1181,1211.4286523884552
1074,1413.4538211268928
1314,1271.1171761770945
1080,1189.4311893257811
1292,1503.254276916219
936,1589.3197461139969
2169,1613.139507306507
1528,1152.1497985108151
1952,1526.7325438060493
1174,1691.9052027371724
1269,1251.5381091886252
507,1232.7406020780488
1672,1728.147650814874
1678,1925.386396179764
1006,1133.7987295179823
1532,1445.641265036589
1627,1463.8210404943475
1876,1646.8705639387854
1410,1312.0618383329472
1920,1825.2299117940256
1352,1332.5475282566576
1542,1625.952453221811
1123,1050.2466504938798
1578,1698.2099037412445
1519,1557.733089922257
959,1504.0997649433143
1844,1644.388017664358
1159,1640.6476813196505
1463,1502.1720001579902
1658,1366.366388354334
1308,1630.5278959511238
1938,1396.6066328471024
1655,1350.0761177951074
1206,1576.8080068038362
1615,1680.1120247173922
914,1149.2175239387989
1408,1343.2445935548044
1732,1675.715269625611
1110,1218.1480604947142
1874,1514.3225959313104
809,1279.2397656229232
1880,1552.2313411957584
1531,1327.5822800966455
2107,1698.5312945963271
1319,1284.7414805744097
1279,1382.2339533463926
1393,1549.4129646145484
1317,1113.4207823367165
755,1206.3792098303209
1592,1605.224779207152
1811,1281.5695985086197
1165,1301.7508044432852
1682,1493.9294027875917
1749,1626.1373167170457
2143,1661.3422836783423
903,929.7389678758395
1701,1632.5275970175255
998,1381.8291155865068
1482,1475.008671665047
2127,1836.4953731034623
706,1434.5222000210438
1577,1513.9847533940745
1657,1502.508720479533
1307,1296.24250523481
1688,1488.1671320107203
405,1098.8451179025965
1860,1621.8834595094556
994,1075.1391251008592
1628,1559.2743346245568
1629,1246.4332403443602
1827,1508.4200929672759
2318,1794.889376674358
1421,1392.8348851842948
1060,1634.1775507642944
1446,1317.6708720549375
2029,1509.2836898579042
1188,1408.3402065204793
1721,1709.4609621445088
1263,1481.374732561733
1714,1593.9536778220145
1288,1586.4727889252194
1352,1388.777606541438
1246,1381.6981842723442
1592,1228.7083170541246
1388,1792.0561987278309
1051,1321.3980308643463
1753,1192.3062179216772
1390,1227.7588851060787
1143,1446.8882313884762
1395,1498.2907482579592
2157,1703.476018338855
1432,1222.163618974707
1158,1496.2018376635028
807,1188.2844292044908
1593,1615.971081299725
1395,1280.61871733949
1742,1592.1151759840523
1563,1985.8405927668011
988,1357.0050415852995
1721,1360.196900730156
1579,1684.0708978734256
1520,1287.7413120641882
820,1655.8037767230555
2034,1655.9073097761488
1563,1347.650951743361
2092,1748.574123938965
1909,1814.9496852879906
1499,1336.0264456986654
1577,1727.2439078301054
1632,1427.5164052175655
2221,1761.7051060766876
2171,1632.6378847938927
1761,1690.3606641732065
1845,1708.9307231752387
1974,1583.366702903219
1711,1196.3750228475474
1754,1331.2370669251789
1378,1506.5812218275212
1824,1669.2691970394624
1771,1608.432819695928
1727,1539.288050172041
1177,1134.6687463646435
1549,1573.4992374186995
1839,1291.3993125694362
1616,1613.2122019543638
1823,1635.8175918781694
1471,1220.3682537432421
1732,1541.5286112077297
1816,1521.6102798637767
1677,1834.4131861314252
2057,1132.6986592312473
1515,1243.5557985531882
2001,1614.0330843403806
1817,1515.804626404582
1145,1654.0630989542815
1735,1552.2553927864928
1721,1339.1753449249645
1699,1397.7403628114644
1941,1473.9825069134931
1926,1286.407675831339
1391,1335.6196597033245
1068,1028.0963722443823
789,1030.6841576736897
1904,1146.7206595251503
1219,1465.3792577681545
820,1615.679793827421
1803,1452.2276224175632
1766,1357.3780493108814
1660,1723.9348599229272
1458,1422.9300524246794
1522,1581.7847492015958
1405,1415.7398308496724
1738,1206.6099268258013
1882,1563.449232116882
2173,1616.0402387931804
1678,1525.3643597204575
1044,970.4827242304546
1580,1466.5097666166425
2117,1659.042906611843
1004,1553.640680850971
1243,1508.0244466379872
612,1386.6835105656482
1585,1394.3543109472123
1961,1494.5907263550712
897,1367.46053314133
1545,1548.2312123483482
1348,1059.9746365902047
1635,1585.8662278569793
2790,1375.8683907512104
2320,1642.5361328628408
1885,1666.893143266508
1425,1555.8076494145016
943,1168.2574063253928
1249,1330.1224310884638
1998,1863.8715159281642
988,1495.1823187275763
1597,1524.377832532826
973,1564.9964033525057
1865,1565.4325156105215
1558,1722.959435613031
1410,1557.2680417006866
1581,1863.164554276461
490,1237.5925885932218
1138,1282.8155692399557
1522,1229.950336754323
1115,998.6637920055684
1476,1517.6991713288628
1762,1658.2890439865187
914,1233.3029644714318
1651,1318.6977134465837
2109,1694.4247807369484
1180,1238.304740731989
1232,1568.5610799543404
1705,1637.580749509533
1385,1449.1182117889202
1842,1775.5884939659388
1274,1626.9555292802659
1373,1740.067028794021
2040,1854.3329895719955
1448,1147.8852696108079
615,1167.575207119273
1400,1378.723246252801
1552,1531.3470936965045
1538,1423.8145182202807
2113,1627.2529851340057
1691,1692.126409755477
967,1144.8436166803708
2096,1899.2832853771583
1945,1354.8635507951358
918,1414.900268012967
1877,1689.052490604864
1875,1517.8209651314094
1224,1261.3901230301562
760,1092.0201806746518
1876,1558.8882674051006
1832,1654.0326946899918
1182,1212.803287005795
1977,1177.5354749329608
1094,984.6186571081165
1062,1317.678007866103
1025,1449.123142247303
1181,1590.5434422833798
1383,1607.7998425196981
1245,1568.1077031180337
2129,1339.5784826367053
1710,1652.5646494824136
1385,1333.0397081418273
1633,1670.469360067524
734,1365.7535708193896
1500,1735.5892177863134
1875,1593.4444996332716
1512,1820.9499762675903
1675,1479.4744350740505
1352,1911.598843835673
1212,1282.2039818751641
1242,1661.0398442534859
1574,1621.7914859386567
1388,1350.9863304890414
1900,1177.651643853614
1245,1787.8536616062868
1400,1143.3209869223879
1257,1304.873856760658
1273,1682.04151069917
1237,1422.059201891812
1375,1268.7734373283472
1856,1707.3220651617837
1611,1607.3451197257598
1266,1532.5788822686445
1811,1698.309568392282
2112,1792.0419432451629
1480,1446.3118797232476
1190,1464.583253693248
1313,1557.493054892084
713,1155.522915930735
996,1227.4798571668605
1237,1369.717901588007
995,1352.1277314022323
1197,1381.909101190999
1514,1347.7954085125248
1591,1711.4918068282764
1207,1443.8322930113452
1398,1588.4568161829848
1030,1479.728672687449
1207,1289.6761010679209
1123,1809.5252768501339
1528,1525.4389441095136
1081,1107.9455538416266
1050,1201.988038958814
1238,1397.894540158515
1780,1394.1808047959696
1542,1823.202804941042
1232,1179.5981343762187
1298,1459.9037337021148
1971,1766.651002725148
1823,1676.174940552914
1819,1633.9471990741772
1430,1200.1158306156337
1150,1341.2282889975813
864,1377.613698571624
1869,1748.192589854566
937,1449.9831555740238
602,937.8719626448295
1332,1723.1074764171863
1457,1481.6409220112882
1880,1692.807045536622
768,1112.8520857950225
1855,1560.2466636697307
1673,1531.755642931816
1070,1227.274529513428
2014,1681.3982804680918
1400,901.76266632562
1500,1538.924152311396
1837,1274.8855838437073
1220,1174.9203775493388
1665,1655.1780489917603
966,1044.9010919065145
1132,1460.0457056228443
2061,1873.6186356591047
1516,1506.3303420206148
1475,1646.6271505016357
1126,1941.8392180390751
1228,1401.8259116685558
1618,1632.4377857791862
1439,1901.8042103181024
1566,1555.205151954733
1367,1383.0489920372916
1887,1505.4442689908353
963,1357.4230468646842
1878,1601.316925638349
1469,1234.45610202884
1667,1625.5047738502187
2080,1592.51577211735
1930,1789.2980681181944
1409,1448.743775805176
1147,1299.3715215886193
586,1125.5743493814782
1009,1251.4287281928127
1173,1106.4541520060966
1891,1643.7934936764996
1645,1834.8166129694062
1621,1280.848668700391
1704,1692.3065686182129
1653,1658.506145400122
1990,1896.8170505867693
1653,1533.3733712144908
1239,1324.833003027978
1737,1314.0168764118137
812,1189.9575934201673
1648,1676.1341837157768
1287,1187.9109853964692
1395,1518.3966945765296
2091,1832.698601868458
2053,2043.9627546319955
2171,1857.5546317106284
1842,1645.8441940668067
1758,1742.9521377875287
1179,1210.8662588511393
1882,1349.3989405864186
1741,1649.034467544327
2423,1739.8473802628896
1234,1465.967100017843
967,1454.662322516929
1529,1343.006741055765
1962,1367.5832142803747
1527,1322.6941687522356
1355,1480.7178916036914
1880,1590.4274836030577
1473,1651.25398199718
1157,1347.5377763480587
1665,1575.399898094389
1109,1218.2581005776237
1260,1386.03496895275
1168,1344.231087817222
1706,1534.0383944469663
1883,1685.6690984867755
1385,1406.807382786041
854,1242.876268469068
1421,1423.6857742143052
1636,1521.7897510513262
1484,1521.0164227872976
1018,1334.808894982353
1799,1576.6436910401947
1538,1497.0895896746858
2009,1714.2931177586931
1526,1214.4357081178816
1339,1518.851626065277
1024,1456.5528143306026
1652,1636.6902099103672
1894,1602.5701886393197
1106,1177.3287962746508
1349,1508.6012948791486
1603,1324.5253119948857
1858,1637.815033335356
1591,1567.9660804425064
1465,1498.6621403088423
1957,1490.565638476468
1110,1412.0607573178584
1503,1697.5615012697983
1322,1320.6023595247368
1050,1391.0338712119164
1572,1797.7889115903608
1769,1622.6142670943323
1499,1415.8536462330535
1134,1178.6241448561677
1803,1355.2475625793306
1500,1537.7343005001596
1638,1360.1120630033788
1743,1345.1442989295533
1172,1399.1477081077767
1695,1584.9581229931798
1383,1431.650993268871
1732,1193.4729436986158
2163,1610.7068146473484
1349,1507.6608372458202
1748,1505.7465611429286
805,1111.9996683145364
1273,1456.5124723262386
1399,1210.7768379335785
1150,1482.2374946815867
1875,1894.1382385387549
1203,1540.7985157131488
1469,1373.234473797159
1616,1865.4481715497946
1299,1749.481298353973
1869,1648.0363768469483
1823,1873.082042219808
1178,1358.8918085101636
1841,1428.1415588937184
2004,1515.7194977670008
1088,1303.6318218224144
1892,1477.0824034808165
1736,1484.4520954103045
1207,1476.7202862925337
1532,1468.1854308869517
1112,1543.0188184852102
878,1605.2557462104592
1630,1588.290192123197
1078,1421.217203907779
1164,1359.5641695710362
2009,1632.591897310725
1485,1607.6240959338822
1159,1329.242197249961
1710,1782.6175937236885
1479,1562.778277575063
1899,1587.4451960508043
1775,1706.2984818755954
1906,1873.9893376179189
1653,1169.8924197718966
2219,1679.8240365924719
948,1292.5229058364635
1846,1594.4803661467583
821,1710.397951934804
1846,1526.300515238202
1632,1430.2855645545042
1940,1510.895371356447
1412,1629.074283222057
1960,1934.8345962760554
808,1543.471913941186
1232,1559.4430816411507
2092,1909.1419044061286
1882,1511.6390282790633
2002,1605.2162602926173
1059,1174.1876482536015
1859,1351.0793075300512
1203,1563.623127072733
1651,1715.0192627973724
1105,1382.3724334446224
894,1517.9026658987143
1503,1371.3397553101818
1149,1209.0810414523435
1745,1418.7148507405025
1366,1529.522312965041
1179,1435.4088593836616
1569,1700.7735658542088
1908,1528.8459779584305
1590,1582.7953725345692
869,1184.8276602771148
1564,1656.646704557069
1171,1516.202938709887
1943,1489.1587847134892
1823,1290.5561744352349
2035,1714.3142124661174
1521,1164.785000180169
1083,1464.9364062744614
1426,1601.0132784848718
2015,1310.1803307833445
2105,1675.3527612256405
2195,1621.8479250655867
1531,1457.2049590365352
1192,1336.1229710336422
1598,1343.4305761130968
1641,1795.4887838228144
1226,1233.957123615861
1898,1604.7127840774933
2005,1522.62975506163
1703,1486.2251693477906
1276,1537.7932617627596
1914,1553.508271253711
1737,1525.6270688813393
882,1315.2269381942963
1684,1457.5987691596783
2231,1806.9433697233285
1129,1626.2045198450005
1529,1599.0459862601701
1553,1352.07527081782
1680,1734.4356049473372
1802,1758.1759633260842
1598,1299.243325006046
1562,1516.1696956867015
1690,1499.3281823561956
2564,1871.564949166217
1416,1716.2099930805193
1599,1608.1475820588334
1210,1523.8688971409929
1269,1616.7435292521754
1288,1254.5373238876484
1700,1433.6096378955965
2013,1635.6976401914785
1719,1743.6329006684355
660,1484.6471194672138
1510,1467.5760386791235
1208,1478.0290833262397
1818,1713.801327192956
1878,1622.5487744808265
1528,1263.80798176367
1871,1499.4816496351664
574,1126.0772211645228
1297,1665.007096542288
1345,1420.468562939887
1943,1538.7396894334474
1252,1336.0052521710093
1773,1717.8360751309492
1441,1725.8445514686955
1506,1798.052018256454
1788,1668.7208390245353
1524,1651.540311767613
953,1383.6104959583076
1698,1681.4035889347244
1784,1636.4700689827214
1726,1407.0926705630513
1103,1286.3869850749077
1106,1332.716606405376
1119,1509.0981171038152
1402,1412.7082674040473
1308,1367.2956877122467
1557,1150.3828315838705
851,1195.5873371583277
1303,1716.2322805233512
957,1505.6657409450315
621,1226.2925956879703
1700,1382.9084143412442
969,1367.521078568242
2084,1611.9718510570442
1869,1802.7127955986202
1518,1841.449983380506
1113,1349.4796465245302
1679,1531.9828545341559
1440,1271.0216136996883
1982,2165.8562594303203
1030,1351.7544620338351
1807,1652.7478214953876
850,1534.9874344026073
1561,1653.5363047363207
1400,1617.4649508580562
757,1555.4228914712928
748,1132.6654819215294
2289,1902.4883538522465
1642,1420.6471352912206
1568,1393.2925310438488
1775,1774.6716088598419
1651,1569.2409687076147
1866,1323.155622600455
1166,1447.7607741934812
1077,1438.3929422419585
734,1137.423251284366
2068,1634.5851860313198
1276,1468.6774876616164
1418,1399.7154436112328
1147,1687.2060902466958
1632,1344.9482063148066
1850,1708.6815433112272
1004,1582.835704936824
877,1342.1604753557892
2474,1909.776700649685
1646,1327.3866186261685
2178,1738.3572942514254
1445,1570.0717428278192
1779,1837.6086758968484
2037,1661.2928936039502
1495,1335.495921124632
1623,1480.9383519980552
2040,1545.359444149775
1903,1525.6234257907038
1070,1481.6602412055825
1947,1590.296105599105
1288,1344.7453810773939
1633,1534.424147763477
1673,1491.961336078338
2137,1644.3186481318874
1937,2048.3895934033467
1174,1735.011123043491
1194,1486.874772555877
1678,1541.0088384781766
1111,1228.4011113118572
1780,1570.9468765592028
1737,1667.3263532561855
1866,1801.5036352096308
1100,1116.5449017351268
1507,1506.3731708755759
1382,1442.4940385226082
410,1066.6661802915405
824,1262.2686711354538
1875,1343.0712961182949
1771,1354.686332081337
1823,1460.063385887891
1171,1463.0756229919455
1808,1734.029819469613
1190,1199.4456494954943
1115,1301.6659623816881
1864,1771.5503051083815
1948,1715.5819221476006
1744,1632.5014895371949
1313,1332.4354577267134
952,955.7294444004732
1432,1561.7252439087938
1995,1487.2448968926453
1622,1539.9429680027893
1295,1138.2649834099313
937,1120.6920548848802
1624,1412.0008315250482
1116,1647.1209475194496
1251,1343.9702477123883
1475,1536.8096879221448
1445,1290.1077155625667
1258,1503.0373319547953
1373,1514.6124833653596
1760,1586.8794098074045
1160,1304.922169125971
1427,1509.4532811754473
1703,1545.733653571278
1948,1689.993570837839
1185,1336.95308265794
2032,1250.5450896613577
1519,1545.5382855781718
786,1177.7903704437074
1835,1170.4388147380464
1660,1574.0358785115682
1691,1523.3288715030428
1867,1591.4518054624432
1705,1846.4189389025582
1222,1317.1061626080752
1247,1542.4370077003284
1432,1512.332209699094
1652,1342.8528671054603
1682,1837.7285127712896
1227,1374.8688108632223
979,1535.8005015642927
2119,1920.3193641959429
1120,1476.0021014708736
1485,1186.9531918244056
941,1325.4381883292067
1657,1660.0437901935088
1918,1607.0641372338266
1863,1293.2094697435705
810,1321.6057637713454
1958,1356.3237015396528
985,1452.3689650685783
1964,1482.1101558706748
1781,1675.6914065732544
1677,1615.9057605249911
736,1304.4905536985473
1711,1567.2208647341058
1562,1436.0475126865958
1648,1686.4249058094133
1259,1055.6350447200934
1250,1401.3776824636245
1548,1563.3529700315705
871,1606.5619971849947
2222,1727.1438133063891
1394,1820.7290313246608
2015,1709.4896176958148
1806,1592.0824670159868
1868,1802.054357156979
946,1228.6816134567566
1295,1293.4548008481815
1925,1776.3695652161312
1787,1642.1496064463404
2093,1610.8963415911317
1153,1408.742081653128
756,1114.9649533105157
1868,1378.3388944013388
1673,1721.2228291334707
1363,1204.951393241578
1880,1423.9341553312024
1662,1518.9343421809942
1277,1522.799396462142
1812,1480.623191591302
1903,1904.2937336339508
1444,1533.6819804391446
1854,1488.2910450839477
1232,1510.4671120435567
974,1210.1028995101265
1186,1284.743907283371
1267,1522.7247640552853
1752,1531.3967271841516
1852,1637.6881087047855
1745,1247.2267759810484
831,1280.057029237675
1159,1226.57932940069
1602,1701.9274349138304
1507,1380.3654233314924
1418,1503.2439981719028
1953,1655.7955626361675
1400,1252.853313648138
681,1132.9335554726308
1525,1496.4409775113406
1838,1000.4481435223303
2013,1616.598957892055
679,1397.1572396057638
1203,1446.2058050146397
1074,1221.2012365813473
1335,1596.0473511355174
1949,1207.2178866445647
1822,1327.159942769317
1339,1584.1246789525858
2057,1760.2832241243918
1604,1861.2554415304537
1016,1330.872350651775
1908,1709.3514458079478
1086,1442.6970165499774
770,1052.6333976045898
1195,1167.0927616710173
997,1277.0231334577263
1748,1668.8905476286814
1749,1340.0564273042178
1510,1448.5093298206139
1958,1658.7014074918613
1406,1528.4422415927822
1430,1495.4676995891155
759,1246.9802663196645
1041,1119.9033114225397
1628,1692.9799992043743
1454,1565.077297234126
1428,1514.181420186078
880,1339.6957177727234
1737,1332.8535756874026
1091,1416.7025028810183
1114,1132.4962313794515
1405,1458.90124967111
1306,1544.5944164086911
1500,1587.944970552153
1308,1268.641628048366
1898,1664.9378571413542
1354,1629.4279784654332
2235,1738.0729291098933
2179,1555.1931728333568
1297,1275.7602701845635
981,1202.2855873364745
2054,1592.3901469442133
1655,1916.0107442744304
1013,1432.4207280055743
883,1394.8595463645925
1401,1189.376691769593
879,1391.2897954227979
404,1125.8711665620758
865,1071.1592097260352
2032,1770.2130352810732
1043,1539.2483927179917
1837,1409.4240727228332
964,1021.6768544515652
1312,1600.4409784430163
1522,1522.2848116585258
1051,1500.839241606149
1231,1351.7117378105067
2291,1970.9192209117766
1357,1302.8579043017412
1717,1749.5982380498
1519,1203.1696688515988
1046,999.9217967648311
1634,1536.5013039374
1314,1286.8498954240242
1947,1444.0012819745307
1594,1377.775884449993
1254,1290.3036760177474
1592,1529.678811822665
1466,1269.3025708785715
1237,1205.6106096731337
1606,1581.4136128972846
2201,1428.2096137802275
1243,1611.3298809942057
1740,1683.05862878506
1775,1353.4496965654316
1922,1323.6518908627975
1744,1690.4566832163562
1596,1516.8157032965112
1072,1353.2111054365319
966,1263.0101991071394
1590,1336.4907428048061
1941,1257.2948831108579
1676,1508.272929351547
590,1292.321056008772
1809,1231.8830403432735
1668,1646.2558604871685
1625,1404.3437950906011
1604,1708.3661373918776
955,1353.0839035690497
2024,1419.4950020353808
1280,1229.2030170853031
1235,1260.8404322021497
1572,1257.333301684957
1083,1269.1985223404233
1681,1611.7486420870289
1240,1482.599627081228
1141,1570.4393670160512
1923,1677.7091486099255
1288,1496.9233317108094
1276,1456.7586741016912
1482,1526.0420808883573
1751,1367.2962211074039
1117,1342.4994127231184
1707,1656.873691183957
2044,1630.538885558736
1415,1280.3369573306938
1528,1245.6878448228413
1406,1171.9996333696874
1587,1488.9607020554852
1289,1347.8439389297228
1287,1340.7932408367412
1152,1422.5058675807559
1447,967.4269173180886
1632,1162.7693809843472
1235,1377.0939841123698
2215,1471.9580793018652
1480,1328.0182306251736
1454,1175.5658495211285
1532,1791.2646242717867
1843,1645.5612406785626
1770,1567.830061392695
1620,1566.8305308094955
1582,1413.2102744864303
1807,1743.9821249853603
896,1031.1741964461567
1075,1219.866869716272
938,1490.4851444683572
1417,1464.2983639175916
1919,1581.818174494235
1055,1549.4286396322439
2075,1479.0016388870615
1454,1325.3542841821015
1856,1483.3766408230879
1312,1311.440603655157
1506,1701.0285340388064
1436,1552.2536266808454
1554,1565.6508855777422
1045,1401.5706264108
986,1278.7304497168009
1431,1617.7376331003566
1809,1348.274429149995
1464,1451.170878181931
1632,1406.9842764426903
1688,1487.7392104319754
1721,1520.7319394789938
1250,1256.4573191972518
2026,1919.497543901319
508,1041.5411087443008
988,1199.5326635295387
1172,1487.6969263354458
1649,1499.7862999521956
1717,1552.4532771670802
1392,1624.4967430953764
1858,1401.1133342719636
1583,1421.0438067844996
2004,1777.8683196113386
1470,1606.759894674256
1658,1416.7160846678876
2019,1367.590898433918
1828,1449.431983717947
958,1092.4137027829597
937,1538.9158898123642
1688,1751.2692699044242
651,1154.0764639342995
1419,1485.749195123932
844,1449.0290731734935
1218,1491.7203475465717
919,1152.802198386742
1200,1562.0835118609791
1632,1281.5581442629716
1689,1605.1296080153313
1567,1502.89237515527
1428,1355.442440957939
762,1425.859824282042
1713,1568.8529370941337
1967,1678.3836318171811
1180,1386.3317465297744
1830,1694.6001581106914
1075,1494.0881825884342
1288,1434.3473556295767
1519,1750.6146499915178
1022,1354.1730689553794
1872,1610.8612986275825
999,1283.2855293629937
1296,1528.2572054504435
1714,1505.9898315786677
1000,1181.2417807350469
1076,1018.5999650511723
1834,1174.851453779465
1727,1493.2346490064215
1096,1174.7287588832266
1500,1492.6840970164526
1683,1596.5719528856528
1386,1445.4748919657563
526,1351.3131318121882
2010,1518.1202929766157
1094,1675.1452940984907
1472,1516.4953930141396
1815,1512.108452216797
896,1131.8844479003624
1725,1336.8140854499816
1607,1309.8529823904214
1805,2022.3382353877055
1255,1425.7523763893473
1597,1529.5554705296518
780,1006.782017112218
1203,1345.6212461451278
1894,1796.806334676154
1724,1459.5418229790675
1845,1442.014568438196
1491,1204.07187033347
1402,1392.4010209825667
1403,1376.8227014515558
960,1108.1405600299977
1000,1041.5896237763595
1227,1424.0223243492178
1899,1374.7075826001349
1371,1627.6004362783208
1490,1242.0624513599319
1259,1377.3705900454881
2105,1765.1642358967156
1500,1214.3796944243493
1268,1437.5713508330846
1525,1517.8724406551755
1968,1448.2254970450444
1166,1570.0908412855713
987,1459.533609521942
1936,1798.8482159965392
1676,1748.9496673531678
2332,1853.8391964420825
1414,1583.8047406335925
1225,1366.4970136485479
1941,1607.8926802715005
1741,1314.2726765774582
1880,1314.2661687331527
1825,1156.4327236692861
1204,1438.7871068906343
1750,1352.2441977789183
896,1400.585355799365
964,1495.6779065689307
1748,1672.239509398995
1600,1713.248363605079
562,1102.652469435803
2126,1240.4440725752347
1465,1632.3775702456178
2152,1815.6552848156068
1172,1667.989672027716
1651,1455.145466804465
1140,1171.558520582576
881,1141.154875139059
2020,1597.9240885191969
1750,1892.1568548170526
1300,1728.7657990021187
1669,1717.9181396190133
2033,1691.0172249371774
1500,1467.5847269189449
1997,1462.87246803566
1252,1442.1164181883526
1500,1206.6082069410072
1391,1342.3987397233236
1855,1755.1072449486342
1859,1644.836592223528
1089,1598.2601932568075
1700,1587.5138603002117
2423,1844.763556573353
1714,1791.6087585273801
1389,1760.9378629995967
964,1341.8234428195915
1865,1601.5785236753804
1999,1807.449408650428
1459,1471.3642092798164
1879,1685.599635064807
1584,1594.6930597250905
1434,1786.0774907701436
1162,1412.5630456262418
1708,1634.9575594032099
1006,1510.6149299970682
2019,1741.7647210554192
1348,1283.5787598829918
1649,1256.540048011723
965,1119.1899382311112
1733,1389.7826513895714
1396,1412.1286544850116
1332,1513.8429018242914
1482,1260.3573335127144
804,1045.777259505834
1824,1228.6104096984104
1967,1529.6771546849127
1892,1790.0814249015607
838,1403.9239585502303
2079,1534.5236217514966
486,1317.6413493111131
1408,1545.9850718670943
1296,1515.5666568489792
1801,1782.7266017185004
1261,1608.8398289079796
1845,1870.5726529771516
1837,1399.3833505241014
1511,1290.0602514023697
1325,1469.558047504138
1612,1605.2947956799958
1055,1266.1642259622975
1865,1881.9216830171079
1695,1691.1009448079735
1504,1693.8945911775998
1198,1548.473842722531
980,1432.9230912562753
1854,1407.901521704683
1080,1317.2768976183136
1354,1452.7454150463952
1263,1567.6265439434458
1670,1615.7940858186514
1743,1413.0021146386646
1497,1601.8526449627243
1361,1690.7176493003483
562,1266.8926544669566
1049,1162.6309892879644
2051,1917.7289042849072
2064,1740.2229325912836
1637,1824.153421825204
1632,1602.2688910652232
1669,1435.914591792849
1540,1783.8898872430993
975,1381.4873436433177
1319,1124.6616996867967
883,1406.1856574771195
2084,1582.1530082536096
1813,1222.7541610705275
928,1511.1394446251663
1850,1286.6498918325694
1553,1444.9726812009749
845,1419.94031015307
1256,1546.0127633691977
1991,1701.9517598144178
929,1401.4086118333148
1175,1193.0215568029294
1206,1509.6243580422242
1570,1511.5264207180994
1615,1496.0678617700748
904,1053.6091938632303
1116,1306.4170220882927
2240,1745.373623677754
1040,1379.3898920692118
1699,1594.8082972951074
1584,1767.7875853826752
2052,1584.493121148974
699,1194.7086021623734
792,1174.8607298603308
1453,1424.7462802189561
1799,1759.0468833364691
1697,1523.9729393633115
931,1299.009516146412
1426,1130.1815074542085
1405,1517.8492951876196
1748,1797.6418393628626
1748,1634.8509330136108
1364,1726.0752786304997
975,1129.5972329491342
698,1370.3654909942732
1679,1469.5868770707373
1194,1506.0870481144789
1840,1404.7939463659816
1284,1530.0846351731698
1087,1218.1844739131702
1686,2161.631592899756
1803,1505.0241486106966
1645,1470.948787203372
898,1235.3833913638866
1073,1344.609425606251
1851,1337.3160831884773
1957,1280.1429805108237
1163,1338.7388485335712
1620,1653.208321492699
1725,1787.0901714234585
1952,1905.1950758205712
1731,1645.6079867674043
1836,1782.3655851008054
1600,1681.6095079394754
1336,1242.5491069178086
1668,1670.5312923136587
1240,1421.2965502711581
1937,1721.059957084794
1510,1255.8792608092342
1205,1566.4358085255128
1134,1056.7670888273972
1181,2051.6600788469777
1637,1836.7405955059694
1281,1044.5688031019786
1896,1614.37743196978
1583,1525.4591353419448
1500,1274.2959396079234
1881,1857.3292633785768
2031,1872.097364810362
1424,1609.7064448505535
1848,1720.7512759334852
1958,1552.8290978971488
1918,1562.2602428632426
1984,1625.9387678510575
1010,1260.8546624264982
1870,1492.889242551332
1031,1445.6325077078598
1497,1730.3298060830814
1312,1438.0576198381875
668,1449.185035082739
1605,1396.6473019211314
1102,1282.611724726628
1726,1848.9943777418916
1682,1418.0846298484835
2375,1890.9217627821254
1651,1638.9969479967306
1703,1342.13058999431
1635,1742.6476863328405
1840,1512.5764707351327
1441,1211.9452310391023
1736,1842.6725570069648
1106,1304.6238733500468
1456,1407.7224384387878
1818,1670.4366652938131
1764,1726.4313753884699
1147,1644.4848997783588
1349,1014.2225139527343
1202,1506.3647191797486
1281,1686.8120338185654
1461,1252.9447987806875
1911,1583.7809668228144
1598,1565.3492426616947
1456,1348.0164795555536
1256,1472.6826737424199
1964,2026.2954784533244
2023,1723.3086661871255
1743,1542.2617409850768
1885,2091.873169160751
1258,1665.771645970188
839,1257.059331623538
1554,1612.3612180655919
1559,1107.793879786252
1357,1426.3668050514282
1627,1546.0236772500764
1258,1680.5491176750343
1484,1484.488152461763
1735,1448.3744681801375
1265,1324.6195532354736
1484,1544.2233352138444
1890,1573.3205531213966
1707,1579.485535534668
1136,1496.2994468071904
1126,1486.3954345927393
1425,1558.0419403123772
1849,1355.3677053406884
1638,1923.6253493610757
1500,1632.005390480185
1802,1591.6324483497096
1616,1626.737287921941
1665,1636.4902162090004
1500,1161.5978078836936
1391,1557.4436823522838
1928,1646.7441262511295
1718,1263.3540669529355
1464,1199.5895047567553
1785,1477.199963219987
1578,1447.7263846739772
1580,1603.6460496322113
1976,1558.264235767791
2240,1615.782448937135
2127,1494.9400831091625
1699,1726.894129490511
512,1391.3096827234053
1590,1786.677398637028
1718,1867.0386540913585
1513,1517.2288147650547
1307,1214.862326729848
2102,1862.3276801351683
1207,1438.037407459437
1890,1715.2649498432934
1788,1373.970304564405
1072,1464.0276351231416
2017,1713.6532187468476
964,1479.8786816694555
921,1261.445036288067
1373,1558.676256891424
